{
  "__version__": "1.0.0",
  "current-scene": "f93494c3-9774-48d8-b157-0e69b5e1a57d",
  "gizmos-infos": {
    "is2D": false,
    "is3DIcon": false,
    "iconSize": 2,
    "gridVisible": true,
    "gridColor": [
      150,
      150,
      150,
      255
    ],
    "isIconGizmo3D": false,
    "iconGizmoSize": 2,
    "isGridVisible": true
  },
  "float-window": {
    "position": {
      "cc": {
        "Camera": {
          "dock": false,
          "top": null,
          "bottom": 10,
          "left": null,
          "right": 10
        }
      }
    }
  },
  "camera-infos": {
    "f46876e4-e81b-4931-b493-6d367be385e7": {
      "position": {
        "x": 50,
        "y": 50,
        "z": 50
      },
      "rotation": {
        "x": -0.27984814233312133,
        "y": 0.3647051996310009,
        "z": 0.11591689595929514,
        "w": 0.8804762392171493
      },
      "viewCenter": {
        "x": 0,
        "y": 0,
        "z": 0
      }
    },
    "b668f7c0-2e22-44d9-b562-85bac31126ae": {
      "position": {
        "x": 50,
        "y": 50,
        "z": 50
      },
      "rotation": {
        "x": -0.27984814233312133,
        "y": 0.3647051996310009,
        "z": 0.11591689595929514,
        "w": 0.8804762392171493
      },
      "viewCenter": {
        "x": 0,
        "y": 0,
        "z": 0
      }
    },
    "6a9074f5-a1bf-42e9-9795-71bc3ff88353": {
      "position": {
        "x": 484.81732501543786,
        "y": 324.8173250154379,
        "z": 4.817325015437806
      },
      "rotation": {
        "x": -0.27984814233312133,
        "y": 0.3647051996310009,
        "z": 0.11591689595929514,
        "w": 0.8804762392171493
      },
      "viewCenter": {
        "x": 480,
        "y": 320,
        "z": 0
      }
    },
    "f93494c3-9774-48d8-b157-0e69b5e1a57d": {
      "position": {
        "x": 50,
        "y": 50,
        "z": 50
      },
      "rotation": {
        "x": -0.27984814233312133,
        "y": 0.3647051996310009,
        "z": 0.11591689595929514,
        "w": 0.8804762392171493
      },
      "viewCenter": {
        "x": 0,
        "y": 0,
        "z": 0
      }
    },
    "c5349ca0-2919-4845-af6e-a81b821e54c6": {
      "position": {
        "x": 3.494065710292837,
        "y": 13.43871427035706,
        "z": -67.19357135178524
      },
      "rotation": {
        "x": 0,
        "y": 1,
        "z": 0,
        "w": -6.123233995736766e-17
      },
      "viewCenter": {
        "x": 3.4940657102928436,
        "y": 13.43871427035706,
        "z": 0
      }
    }
  },
  "camera-uuids": [
    "c5349ca0-2919-4845-af6e-a81b821e54c6"
  ]
}
